Family;
Ceiling;Plain;2000;342877
Ceiling;Plain;3000;342894
Ceiling;Plain;3000;342902
Ceiling;Plain;2350;342910
Ceiling;Plain;3000;342918
Ceiling;Plain;3000;342973
Ceiling;Plain;3000;342981
Ceiling;Plain;3000;343037
Ceiling;Plain;3000;343094
Ceiling;Plain;3000;343102
Ceiling;Plain;3000;343160
Ceiling;Plain;3000;343219
Ceiling;Plain;3000;343227
Ceiling;Plain;3000;343235
Ceiling;Plain;3000;343243
Ceiling;Plain;3000;343260
Ceiling;Plain;3000;343268
Ceiling;Plain;3000;343276
Ceiling;Plain;3000;343284
Ceiling;Plain;2100;343292
Ceiling;Plain;3000;343310